engine_id,route,latitude,longitude,delay,scheduled_hour,scheduled_day,scheduled_month
8,Route B,83.4212633344606,-174.16536268729706,15.0,18,29,8
1,Route C,67.73748303667148,126.69276187224727,1.0,3,30,8
5,Route A,58.0168056706296,77.86676995250338,4.0,22,29,8
2,Route A,-89.91542686351198,104.44645351985702,15.0,10,30,8
3,Route A,49.97810117541522,-38.71059652460798,20.0,10,30,8
5,Route C,-89.61088173246215,-59.59297144989424,-1.0,18,29,8
8,Route B,-15.459421463140842,-141.52811376411637,8.0,21,29,8
2,Route A,-8.23850199116724,-123.27089137713932,15.0,3,30,8
6,Route B,-79.91715038474351,-120.30374389259168,10.0,2,30,8
4,Route B,-18.62423404411669,-123.5946474478164,24.0,5,30,8
8,Route A,-78.01524458826944,134.0902204093146,-5.0,3,30,8
5,Route B,-72.09082036753702,-104.78754477372216,10.0,2,30,8
4,Route C,26.72823395779058,61.94463659666866,11.0,3,30,8
5,Route C,-2.316272884638906,-137.7776763225241,12.0,5,30,8
7,Route C,33.38593210020889,-21.21176562950092,17.0,7,30,8
7,Route C,14.43189474031098,17.50658639812184,-2.0,18,29,8
8,Route B,35.17437600748556,-159.69624162705512,1.0,22,29,8
1,Route C,-38.69050889995592,96.00835711469448,-5.0,8,30,8
4,Route A,-79.99493208139744,-22.604850053243663,9.0,6,30,8
10,Route B,-32.661147222757464,-39.841742603069775,25.0,3,30,8
7,Route C,-36.39460107001963,162.95047285186638,18.0,7,30,8
7,Route B,62.80621393037558,-114.54872897266654,21.0,6,30,8
1,Route B,74.33108365980075,-34.032449886007925,14.0,9,30,8
1,Route C,57.27226330450728,-167.3983597712184,-2.0,22,29,8
4,Route B,20.87904495215936,-111.53704500501712,0.0,19,29,8
3,Route C,-11.710495394253911,-33.18157154097591,10.0,10,30,8
8,Route B,11.718630305124464,-10.896121334731871,10.0,10,30,8
1,Route B,-1.6507568667961294,-159.03997977288267,9.0,7,30,8
4,Route A,-62.94654446694207,-135.95759056706,-4.0,22,29,8
5,Route B,72.09055301277905,-64.61129825745272,25.0,21,29,8
4,Route A,-30.47629438024827,-66.22789744836692,13.0,8,30,8
2,Route A,-67.2509668267377,85.53062724772207,15.0,1,30,8
5,Route C,-1.2694365097848817,20.71733751614667,25.0,2,30,8
3,Route B,-71.8174424038848,-84.1318256875519,30.0,19,29,8
9,Route B,26.49752176831312,71.76273081140582,27.0,1,30,8
7,Route A,8.29773989060726,61.22756475433079,10.0,23,29,8
7,Route C,2.223331018993392,-121.60216764602434,28.0,20,29,8
8,Route A,-2.201528686955683,-149.1139962525063,25.0,0,30,8
10,Route A,-82.32938981246322,137.21804835224322,26.0,10,30,8
5,Route B,89.62080671002258,-151.72888686774823,25.0,10,30,8
7,Route C,29.577142120349865,107.49834403219096,17.0,1,30,8
1,Route A,-58.55700369150359,95.8846953829925,23.0,4,30,8
1,Route B,-15.98263733008865,-111.16133870333496,12.0,19,29,8
6,Route B,62.3817990630973,60.770588859286846,-6.0,9,30,8
7,Route B,-47.78904849086495,-53.07927508985135,19.0,20,29,8
3,Route C,54.46427482157438,-18.264649228004718,-7.0,22,29,8
5,Route A,78.36802855265319,-173.1423260260164,30.0,8,30,8
9,Route C,42.51250157515926,41.630335586775686,26.0,7,30,8
4,Route A,-69.80577974800272,66.9820585687504,12.0,20,29,8
9,Route A,-43.82984801694835,115.6185817853152,17.0,1,30,8
1,Route C,80.79505579172874,-20.98755609248224,-6.0,0,30,8
7,Route A,36.59750190262346,126.33691022273888,18.0,20,29,8
8,Route A,14.759864504735631,-49.56690554901999,29.0,20,29,8
6,Route A,-78.32994672810607,23.48083424917465,1.0,1,30,8
3,Route A,18.02590725805382,-169.32383737598707,6.0,7,30,8
6,Route B,76.0160342961608,-135.7104463585727,-10.0,21,29,8
6,Route C,-78.69952549945813,42.9023180054206,28.0,8,30,8
3,Route C,-14.631429329681891,-142.4600300831799,-10.0,8,30,8
5,Route C,-12.478073631256365,-149.32955208818927,0.0,9,30,8
6,Route A,-1.2962388797160855,66.21036088255761,16.0,9,30,8
10,Route B,-46.82940227131885,155.13210728340948,-4.0,6,30,8
7,Route A,-1.8909610279796425,26.881969441521107,19.0,23,29,8
6,Route A,-52.61828091618716,77.24774313272275,13.0,20,29,8
3,Route C,30.28850322782307,143.9829823489066,24.0,1,30,8
5,Route B,-35.10446392566594,176.77841478248888,0.0,19,29,8
2,Route B,53.913751233485925,-169.70484740892857,1.0,2,30,8
2,Route C,7.816951046595165,-101.43578702645614,-3.0,4,30,8
1,Route C,50.59593156710059,144.8956207190576,0.0,7,30,8
6,Route C,-11.389706650737352,-103.39561186074086,-9.0,18,29,8
3,Route C,37.75563076926596,140.74741766041132,16.0,21,29,8
5,Route B,69.59471560411967,-166.4967014856256,-2.0,21,29,8
8,Route B,-31.071332177148683,-129.75882160530674,-8.0,19,29,8
6,Route B,-38.436563310753286,97.99216029982432,23.0,19,29,8
3,Route C,-3.7977655164820447,-29.80674603283262,6.0,4,30,8
1,Route B,-40.31557864868941,9.402863171981949,12.0,23,29,8
3,Route C,-41.41226115372612,-147.79049291762934,-6.0,21,29,8
4,Route C,50.20423677783393,177.88759044013193,13.0,5,30,8
8,Route A,23.9022479275947,-127.07925094285744,6.0,7,30,8
4,Route C,-77.61193014570551,-147.15004750103984,29.0,4,30,8
2,Route B,60.30262064766544,-78.12032938186785,15.0,18,29,8
10,Route B,-57.07044812637714,5.010416522578822,29.0,3,30,8
10,Route A,-65.36556349593113,-116.40084901321046,24.0,4,30,8
4,Route B,-65.94769698801431,108.18952462522871,26.0,8,30,8
8,Route A,16.613301987800313,164.77651484454418,-9.0,20,29,8
9,Route A,-16.66204938027181,51.40650067584738,26.0,0,30,8
10,Route A,-24.11243358598746,-22.628800285041223,12.0,22,29,8
5,Route A,-38.773581554340815,32.466956960777594,7.0,21,29,8
5,Route C,-67.19933436619786,176.22307446025866,8.0,19,29,8
5,Route C,6.859478088822158,-178.71196267537664,5.0,20,29,8
10,Route C,33.08192145457373,76.00400153356844,-6.0,0,30,8
9,Route A,41.66111670782445,-31.86166126355664,-10.0,10,30,8
4,Route C,-28.22185113672419,-87.84041603366667,20.0,6,30,8
4,Route B,-32.01051979878323,105.4761482661068,29.0,0,30,8
4,Route B,9.571755775243744,85.53981956514258,22.0,4,30,8
6,Route B,-80.15631222709244,-81.89916397990015,-4.0,23,29,8
10,Route C,11.3869495586561,133.97277581748756,1.0,8,30,8
10,Route B,15.524258039287105,-120.22872118803228,-2.0,3,30,8
7,Route B,86.88077228984235,-84.6993460635489,4.0,4,30,8
9,Route A,-48.204121927948805,-16.374660549443547,5.0,4,30,8
8,Route C,54.28865321697492,-134.68386695401955,13.0,21,29,8
9,Route B,69.37432459629548,-18.17229376421605,16.0,3,30,8
4,Route A,-12.648316418476512,176.8467746528243,21.0,10,30,8
10,Route C,-81.23908322772301,-162.16062343033562,14.0,3,30,8
3,Route B,-52.68506702031926,11.04501158745134,21.0,21,29,8
5,Route B,-78.92006709809877,-128.29252264124457,16.0,0,30,8
7,Route C,33.392785353705364,95.75704738945154,28.0,8,30,8
1,Route B,11.597044186252376,-96.8704618712369,-7.0,0,30,8
5,Route B,40.10395355375883,-144.08260663977245,27.0,3,30,8
2,Route C,57.73849460954193,23.048622391679142,8.0,3,30,8
6,Route C,36.32942015861477,-118.15299552484656,28.0,5,30,8
10,Route B,-58.90649577087813,162.11531519409215,4.0,21,29,8
4,Route B,13.882643287617796,-35.12668017546099,15.0,19,29,8
3,Route C,87.99670967903637,25.286254949213458,-6.0,23,29,8
2,Route C,-59.90483527955368,21.773755487927048,19.0,5,30,8
4,Route A,-82.71427411462182,-42.1311205596497,0.0,1,30,8
5,Route B,-77.73688954661712,-32.98355587040001,-6.0,20,29,8
8,Route C,-33.197911993620856,-4.119729413882652,28.0,6,30,8
9,Route B,-13.065994315895736,27.79733010862313,-4.0,7,30,8
5,Route A,11.219922950093007,128.59465394076,9.0,10,30,8
7,Route A,-65.26503702628759,49.67432812025393,23.0,10,30,8
10,Route B,73.60300568151138,95.35122032153664,-4.0,1,30,8
6,Route B,-16.282945054611346,-75.66637722875353,27.0,10,30,8
10,Route B,-9.67727507365244,-1.2270410299346963,18.0,18,29,8
10,Route C,68.96252245344152,57.9363217258084,-5.0,3,30,8
7,Route B,85.2212083586466,177.69489495119274,25.0,2,30,8
4,Route A,9.87982678573863,137.64501089577055,-6.0,22,29,8
1,Route C,-61.925999275385706,151.91647513989892,18.0,19,29,8
10,Route C,3.563970566593156,6.79037768005071,11.0,23,29,8
5,Route C,50.077510646125205,-16.043095565604887,0.0,4,30,8
1,Route C,-79.50898841939015,87.54509963221864,0.0,10,30,8
3,Route A,78.44588813607078,93.55421173401383,3.0,6,30,8
7,Route B,48.8003814139482,-162.2206585747844,-6.0,8,30,8
6,Route A,-11.142149798158968,-78.04997811580951,13.0,4,30,8
10,Route A,-3.214699929306562,24.601956973464095,11.0,18,29,8
2,Route C,58.66678586787879,76.39760066743986,0.0,18,29,8
7,Route B,-8.100942859881982,167.06319141330204,9.0,10,30,8
1,Route C,82.15063660873545,69.13107149037373,-2.0,7,30,8
8,Route A,-80.97746626801978,-90.07801360108483,-3.0,8,30,8
2,Route C,57.700262514536405,-153.10187426859991,19.0,21,29,8
6,Route C,78.37716921083032,60.64102898057402,-10.0,8,30,8
1,Route C,33.43554249502468,158.20968719110886,30.0,7,30,8
10,Route A,-54.48054660536481,7.763100621268137,3.0,0,30,8
8,Route B,-68.2927452555009,21.86906111057749,19.0,2,30,8
6,Route C,37.19349653832526,-151.63011689930303,-7.0,4,30,8
10,Route C,56.54899290799909,109.7261732974526,13.0,9,30,8
3,Route A,-76.88097160701604,127.1494108220528,21.0,19,29,8
3,Route B,-24.459526738644527,156.9108053422509,3.0,5,30,8
2,Route C,76.29492920874526,-87.89939875181827,18.0,21,29,8
7,Route A,-13.130283204699282,82.64130718318683,-7.0,6,30,8
1,Route B,47.470538614378086,-167.17984977669252,0.0,21,29,8
5,Route B,-3.3974592713838803,94.25135416472231,-6.0,7,30,8
2,Route C,64.7582747410047,116.46621091940835,23.0,20,29,8
2,Route A,88.03310646938172,143.83682852123303,8.0,8,30,8
3,Route A,21.356666432221672,-32.323204019460974,15.0,18,29,8
3,Route B,-78.16472339719789,66.82136145153584,23.0,1,30,8
7,Route A,40.45595693587447,37.65413107281975,-2.0,9,30,8
10,Route B,31.314857047776712,144.45522677342075,30.0,0,30,8
4,Route B,76.35489377228782,68.73654917625021,20.0,22,29,8
10,Route B,72.57627706270162,-63.14911366088778,22.0,9,30,8
7,Route A,-0.7388418996534085,-2.942831028736037,11.0,6,30,8
1,Route A,-34.67434849129106,-35.9884557410563,18.0,5,30,8
6,Route C,-5.20339194017987,162.21769987059918,1.0,10,30,8
3,Route C,16.46221442657827,117.84364425979624,28.0,2,30,8
10,Route A,42.49939627436496,-4.391726831073953,-3.0,9,30,8
3,Route A,-76.25279734274471,-7.240510533661109,25.0,1,30,8
1,Route C,-71.74382182546663,-108.42856977701646,-1.0,18,29,8
4,Route A,-41.52839659839884,-62.81637130137322,17.0,0,30,8
1,Route A,12.256682160942546,-105.52051772146258,30.0,23,29,8
9,Route C,-64.75024123573513,23.4937219547586,25.0,8,30,8
2,Route C,-48.92637930501006,-37.35984641354452,-2.0,0,30,8
2,Route A,-4.573464287389314,17.21714110270449,-3.0,22,29,8
10,Route C,-54.66569891209457,-165.70224008176368,-4.0,4,30,8
1,Route C,40.704315911726326,-152.64895800521134,18.0,4,30,8
8,Route C,75.79420334695607,-70.7603405832869,28.0,5,30,8
7,Route C,-7.329116536200317,6.546926283140948,3.0,20,29,8
4,Route C,-24.8784576067024,43.672135604231045,-7.0,22,29,8
9,Route A,11.855351641319444,-27.709931575245008,14.0,23,29,8
7,Route C,52.92805607475597,-136.60482805911047,25.0,1,30,8
9,Route C,-39.16387657082947,32.11231629963143,-9.0,1,30,8
3,Route B,80.67840896192615,-115.43373822854396,7.0,9,30,8
1,Route C,87.44387088946328,-26.368237288330025,-7.0,18,29,8
2,Route B,-89.46483416990816,-64.23541238418863,21.0,3,30,8
4,Route C,-0.2398668132630206,50.86663526246852,-7.0,1,30,8
3,Route C,-53.635972675182856,56.00664322596225,29.0,8,30,8
2,Route B,-52.80954017139352,26.790327520441707,11.0,5,30,8
7,Route C,-81.31458136151502,156.14673787566392,-10.0,20,29,8
10,Route A,-11.182275485905208,-30.489615119091468,13.0,2,30,8
6,Route A,12.456597395931084,-122.83752892156885,28.0,0,30,8
4,Route C,77.55523624133937,17.505889741113236,23.0,2,30,8
4,Route C,-57.78698885065517,28.4374386593,28.0,21,29,8
10,Route C,32.11050870772591,2.29483910218147,17.0,3,30,8
5,Route B,-31.990179743984875,175.1300195003929,-6.0,18,29,8
7,Route B,48.98781035066193,4.676479593080416,-1.0,21,29,8
5,Route C,45.19587474330996,-170.9280020934284,-10.0,7,30,8
7,Route C,-43.65416617034926,33.80683193461158,28.0,2,30,8
8,Route A,39.44923259059172,24.75874995624315,30.0,22,29,8
8,Route B,-36.91617415503245,150.7239807614418,23.0,7,30,8
5,Route B,-52.50986268559819,-103.08661238174176,3.0,18,29,8
8,Route A,0.8842204098210971,147.52470340745532,4.0,8,30,8
10,Route A,-41.63411598339752,84.57057921810753,8.0,0,30,8
10,Route A,-8.690876877348401,-7.854323665381258,10.0,1,30,8
4,Route A,-36.23894097581738,111.60438448565031,19.0,4,30,8
9,Route C,53.77924114893173,-86.45138485257861,25.0,4,30,8
2,Route C,28.68229925852184,-86.07876631592596,23.0,3,30,8
3,Route C,-51.3827714045848,109.91994221159769,19.0,19,29,8
1,Route B,60.56949572870997,-158.16924311597205,10.0,23,29,8
1,Route A,51.498263274924255,70.42858074672623,21.0,22,29,8
4,Route B,20.91299291416874,1.319004884103521,-7.0,6,30,8
6,Route C,-14.94748726715764,120.5107147045412,4.0,18,29,8
3,Route C,63.26042615242287,120.008727813032,-6.0,2,30,8
3,Route B,11.486608447934644,-165.70123708717827,-7.0,7,30,8
6,Route A,12.60109255009381,104.61645133674767,-3.0,0,30,8
6,Route A,-37.99174159028103,-122.5437531257314,12.0,5,30,8
1,Route C,10.528204060274106,-141.29861048851478,-5.0,9,30,8
5,Route B,-56.64128009446039,53.02586960117273,-9.0,5,30,8
6,Route A,68.9814924075223,-150.54817599310127,3.0,21,29,8
10,Route A,-48.16389389485909,51.83444230586269,14.0,22,29,8
10,Route B,29.710423364337515,81.66216947407003,21.0,1,30,8
7,Route C,70.07641936505277,168.88074220874523,4.0,7,30,8
5,Route B,-8.88010075309856,-137.31474399254247,1.0,5,30,8
3,Route C,-2.046526518026795,-175.3890533202865,-9.0,22,29,8
4,Route A,-59.88301122030015,-168.4552510457784,9.0,23,29,8
5,Route B,81.10841775929757,40.43007050104376,-7.0,8,30,8
7,Route A,-70.78050810837215,115.68661978522522,25.0,1,30,8
2,Route A,-35.16221183165128,130.3713386582187,9.0,20,29,8
2,Route C,10.92983111615969,82.48470038960625,18.0,20,29,8
2,Route A,-12.941110362927065,134.1991273467463,1.0,4,30,8
5,Route C,-86.41860804706046,-151.10997520910414,20.0,8,30,8
10,Route A,-29.914064117189326,125.2955440384003,20.0,20,29,8
6,Route C,87.52843165866594,-42.197067985353925,2.0,8,30,8
4,Route C,3.4935717002583573,61.993461702258685,3.0,1,30,8
6,Route A,33.0224312693462,-37.37197873399319,22.0,9,30,8
3,Route A,14.729711889188664,-48.84413181026432,29.0,22,29,8
8,Route A,-1.3690826032311776,5.129104070594622,28.0,5,30,8
4,Route A,57.33187621681768,-118.93453466788353,12.0,4,30,8
10,Route C,-43.64470400082797,3.621665422220872,3.0,1,30,8
8,Route B,-5.025350538493541,-164.29130014101972,28.0,9,30,8
10,Route A,9.43779742514792,-35.20595152207912,30.0,19,29,8
1,Route A,21.060597816578976,-65.74248777549943,3.0,10,30,8
4,Route B,-72.4956106453418,133.42983860830424,29.0,1,30,8
1,Route C,-79.08154498714119,-87.10815453289652,1.0,0,30,8
9,Route C,-33.46325892244654,-141.66713563613837,9.0,18,29,8
5,Route C,-35.09991428949044,61.12214197460733,29.0,3,30,8
1,Route A,3.653929303700167,-155.81866112485193,-5.0,1,30,8
5,Route C,-6.562934649914766,-52.18582225958225,25.0,23,29,8
4,Route C,38.21454992666949,-46.45661030533165,18.0,9,30,8
3,Route A,-18.40179860980432,59.2634611853826,0.0,21,29,8
4,Route C,-66.22813489897123,178.27150134512254,0.0,22,29,8
5,Route B,-18.604851108523548,39.525684600821535,7.0,19,29,8
7,Route A,-53.90866325278644,174.9991517589974,-9.0,9,30,8
1,Route A,76.0268056612552,96.89851013182864,-4.0,3,30,8
1,Route B,89.56748770674164,103.28434569949816,-8.0,23,29,8
10,Route B,34.85267085013369,-35.70370741063812,-5.0,20,29,8
3,Route A,18.032457246064936,-115.76688225782075,22.0,8,30,8
2,Route C,-89.56978535916953,38.67379136430981,4.0,22,29,8
9,Route B,4.284582961583851,109.67656594904076,-2.0,9,30,8
8,Route A,69.29885368111826,81.78593874407005,-2.0,22,29,8
2,Route C,-79.01633703649682,23.09751772227753,-7.0,22,29,8
3,Route C,-80.80017570185697,118.21102545245986,-5.0,6,30,8
5,Route C,-35.57612125464657,-151.55601002921134,22.0,21,29,8
6,Route A,-25.42817025872482,82.17997467968098,21.0,18,29,8
5,Route A,-8.158089601702159,-143.57066955160133,27.0,1,30,8
2,Route A,10.168719453871889,28.834081232254448,23.0,2,30,8
1,Route C,-79.37690036143154,-46.29039342439867,-3.0,22,29,8
8,Route C,23.61447566168114,-14.202361076783063,21.0,3,30,8
7,Route C,83.81197586782616,-163.77040093657968,13.0,20,29,8
5,Route C,85.2613573432815,50.04487897617085,-5.0,10,30,8
9,Route B,-65.63977388640134,30.46977088847939,4.0,18,29,8
1,Route C,37.1377329050568,-6.041301268324702,25.0,4,30,8
5,Route C,54.04922711334052,14.734210039856263,19.0,4,30,8
7,Route C,-37.708621010650255,-82.20929794455603,30.0,2,30,8
6,Route C,82.73210768256169,-2.459543624691662,14.0,20,29,8
6,Route C,-32.61177935660884,-118.40340059414676,27.0,2,30,8
1,Route A,22.2834333183157,-115.2253821423087,19.0,1,30,8
4,Route C,64.15001289577606,-157.35444071973114,23.0,9,30,8
4,Route A,-27.387955301632505,113.735622258653,20.0,3,30,8
9,Route A,89.73064227664742,88.40289521653204,20.0,4,30,8
3,Route B,-34.81773882026373,3.158322801984582,20.0,2,30,8
10,Route B,50.294834788483456,-72.83118249181393,10.0,20,29,8
9,Route B,-48.38331682672288,-4.698423752376186,29.0,23,29,8
6,Route C,-31.637411543249087,72.29640506549387,-9.0,20,29,8
6,Route A,50.32180569731568,-88.54759044065784,-1.0,10,30,8
4,Route B,0.1696416338745763,95.0128563407538,7.0,21,29,8
1,Route C,-57.60025985223632,-73.75709965368809,15.0,9,30,8
2,Route C,56.157372074779545,3.302940978540448,17.0,20,29,8
6,Route B,69.24995331854396,53.84795102477574,-2.0,19,29,8
4,Route C,27.427622418985592,104.9693093267789,26.0,8,30,8
5,Route A,85.04476392613213,-110.47677475173292,24.0,3,30,8
10,Route A,53.884751163141374,-53.238558189061706,14.0,22,29,8
6,Route A,69.16731644565712,-7.439323749057166,-7.0,8,30,8
1,Route C,-23.15362831983238,47.03872952546425,11.0,22,29,8
8,Route B,44.07847815446328,-37.45813579248903,24.0,7,30,8
6,Route A,-81.06725347147835,-99.86116802018502,-2.0,7,30,8
1,Route A,-68.24222574369088,-58.94154660149587,-5.0,23,29,8
10,Route A,-35.8200024700548,-4.193885672484328,21.0,10,30,8
6,Route A,66.65278585754004,171.4079798295619,-2.0,6,30,8
9,Route C,-52.22597385028039,-36.41041089208409,20.0,9,30,8
2,Route C,20.3963166252578,-70.48395090893511,24.0,20,29,8
5,Route B,34.94794809952937,179.67034979462045,9.0,18,29,8
3,Route A,86.09231878454625,111.01203687410532,27.0,23,29,8
1,Route B,-86.98430220070992,78.06721696089551,3.0,5,30,8
2,Route C,28.4379045800636,154.70346065891653,10.0,20,29,8
6,Route C,82.20230897888786,48.97226859790243,-2.0,9,30,8
4,Route B,11.22450279586269,-3.425695439738007,4.0,2,30,8
2,Route A,-74.36854459956459,-127.56398076813964,17.0,5,30,8
4,Route A,23.032305908333512,-1.916470982255248,17.0,22,29,8
6,Route C,-18.161592620769184,45.88970502207178,24.0,23,29,8
10,Route A,-9.32623993367389,84.04914584083258,-8.0,20,29,8
1,Route A,64.61392613227909,-31.50086606780513,17.0,8,30,8
7,Route A,-35.94174949154019,-160.25823767846003,-5.0,0,30,8
4,Route A,53.62677619159257,117.8863469001077,14.0,0,30,8
8,Route A,-63.77502375356077,164.27626546025567,7.0,23,29,8
5,Route B,-3.506879174662359,130.47233369648825,6.0,7,30,8
7,Route A,5.5058893673724185,-173.6694641472878,-4.0,20,29,8
5,Route A,64.67191214708063,147.0443397280431,-4.0,0,30,8
9,Route A,14.43900003778336,-150.61141613110317,15.0,6,30,8
6,Route B,-49.08988299800559,109.21512491775786,0.0,20,29,8
5,Route C,29.764676633584145,23.886637432354348,30.0,8,30,8
9,Route B,-50.62219020314919,151.74444667277777,-6.0,4,30,8
10,Route B,74.85703920046288,90.23575724812063,-5.0,3,30,8
10,Route C,60.24252983703212,-9.453341778519755,9.0,20,29,8
9,Route B,-29.590602842112236,88.73724379556836,-4.0,8,30,8
5,Route B,-43.61711774492336,63.75669587021059,8.0,3,30,8
4,Route C,24.907211382816257,86.12580444498201,-7.0,8,30,8
5,Route A,-59.271948116640026,-83.00901684887103,28.0,3,30,8
2,Route C,-25.118406287390343,-160.25664032005233,2.0,2,30,8
2,Route A,-42.65607833929093,-156.94609779159396,3.0,9,30,8
4,Route B,-51.3531617648396,30.92798214196296,13.0,0,30,8
8,Route B,50.84087539747554,-143.18991214806098,0.0,19,29,8
9,Route A,77.51984896126368,-75.89634640368651,5.0,22,29,8
7,Route B,38.885567205359536,-155.21747740596047,2.0,20,29,8
5,Route A,70.90819734730951,-109.63148892999672,14.0,20,29,8
2,Route B,55.37397525758871,143.24466415069583,15.0,2,30,8
2,Route A,62.40499539655198,-52.17291196246916,25.0,8,30,8
10,Route C,72.85993172501472,-168.27853726856122,-5.0,23,29,8
6,Route B,-71.67100667673675,80.05512207669898,15.0,0,30,8
4,Route B,-35.62807561968357,179.37883919590269,9.0,9,30,8
8,Route C,35.50179709020772,-151.67072677348833,18.0,22,29,8
1,Route B,29.27288924283361,0.0540248353594563,7.0,4,30,8
4,Route A,77.53757862614154,-157.65522153315095,10.0,20,29,8
1,Route A,-32.44490336005382,-54.18739843627381,-10.0,10,30,8
8,Route B,6.839115799756783,90.12282601059157,-8.0,21,29,8
5,Route B,86.01854161495095,-31.975820243253565,-1.0,5,30,8
8,Route C,-41.18675755016635,116.05164645649842,10.0,21,29,8
6,Route C,4.941375115892583,-130.05536167279334,26.0,9,30,8
5,Route B,-16.45077485800077,-138.37912030469428,15.0,9,30,8
2,Route C,-41.72816197621379,-36.41527638065185,-5.0,10,30,8
3,Route C,-18.29837912655792,-13.8711156653022,-7.0,6,30,8
3,Route C,-33.93901825303862,36.08935825086223,-5.0,20,29,8
4,Route A,-85.35256906014895,160.67149952910358,-5.0,21,29,8
2,Route B,-27.90015086122026,-138.7147642754735,-6.0,10,30,8
2,Route C,37.96772362422149,78.79534974058038,7.0,22,29,8
4,Route A,-67.18031210184921,152.33697264470743,22.0,7,30,8
2,Route B,-13.674975173791251,-102.63192500083514,-5.0,2,30,8
8,Route A,22.735935894254798,14.19678182957898,27.0,8,30,8
10,Route C,-65.35987867895093,-171.44081322156518,-10.0,22,29,8
3,Route A,87.53894948893554,-9.0718216146241,27.0,4,30,8
4,Route C,-27.430092271176303,109.40369609775507,22.0,3,30,8
4,Route B,44.41907572445754,-132.1332948563484,8.0,1,30,8
1,Route A,-11.555065387392602,129.98160397308118,-9.0,20,29,8
1,Route C,84.80660718208333,127.77317658241536,10.0,22,29,8
5,Route B,-30.53435890903173,-109.55686936274964,12.0,20,29,8
5,Route B,-56.01144593458947,-88.76487295529184,8.0,18,29,8
8,Route A,58.03587341249562,39.425141558451486,30.0,10,30,8
8,Route A,27.984135831207283,179.0191601635637,20.0,21,29,8
10,Route A,-56.98575162589962,-93.27192188828768,23.0,0,30,8
8,Route C,-80.73586861118235,-176.6247448552376,-8.0,8,30,8
5,Route A,-44.40063045393019,-22.990352197853923,2.0,2,30,8
2,Route C,-87.66977302257007,172.2043045745691,10.0,19,29,8
2,Route A,8.414526153801873,115.4229226028616,8.0,10,30,8
2,Route A,-77.00998478230636,118.29781793140648,-2.0,9,30,8
6,Route C,48.22943309149005,-178.4359614113426,25.0,10,30,8
2,Route C,84.17183213006965,130.00771048536222,-1.0,3,30,8
4,Route C,43.36118624370516,154.75215262619304,8.0,21,29,8
3,Route B,-21.655510269962605,-149.8478862441066,0.0,20,29,8
10,Route B,-25.770899758094885,-82.19409555404734,8.0,5,30,8
2,Route B,58.69144104664304,-135.38796288316925,-1.0,5,30,8
5,Route A,64.23692713145562,46.5712181167458,-9.0,4,30,8
3,Route C,87.9269136719551,72.22864517165365,20.0,4,30,8
2,Route A,71.57701212656644,54.505706131391406,17.0,3,30,8
8,Route C,36.21905347217729,67.59743253230928,-6.0,10,30,8
4,Route B,34.508073982099376,-70.92698414376794,-6.0,20,29,8
10,Route A,-68.13725681487229,-112.0877637710134,12.0,4,30,8
1,Route C,32.809397281434,-69.43488859768551,6.0,4,30,8
9,Route C,-20.032365877572545,130.6344838597456,-1.0,4,30,8
6,Route B,-31.889974008433946,-95.92019929275727,6.0,23,29,8
10,Route A,62.25505005122815,-123.58091950088532,2.0,20,29,8
7,Route C,-2.71324270279149,68.03779604334423,11.0,23,29,8
5,Route B,78.73384926539924,-72.44586009597114,0.0,20,29,8
1,Route B,-75.33835894875514,69.87003652970387,8.0,21,29,8
8,Route A,0.9689271078930092,177.3256442681277,26.0,20,29,8
6,Route B,-70.19667178784447,-125.3788484023333,20.0,6,30,8
3,Route A,-37.988688023204354,-79.45742130186483,-7.0,19,29,8
3,Route B,23.84228568396182,90.4697739092034,22.0,0,30,8
5,Route A,5.577420717394148,-129.92235486482912,-5.0,9,30,8
4,Route C,-49.281611469367824,4.442512698283593,1.0,8,30,8
2,Route B,-17.46902762196531,115.02527622287852,-4.0,21,29,8
4,Route C,79.02643191346081,-108.04773146045729,23.0,10,30,8
5,Route B,89.1350355447795,176.97704067301635,25.0,1,30,8
4,Route C,-34.70695697065239,-134.94111331762952,23.0,3,30,8
6,Route A,22.92507903668856,-73.07497098643783,16.0,22,29,8
3,Route C,59.62138704643164,-133.23999788610513,23.0,19,29,8
5,Route B,-54.48709765162938,123.71376947007484,30.0,3,30,8
3,Route C,85.13457027617287,-131.65317566240662,20.0,5,30,8
2,Route C,-13.845208197647551,-24.517991990785987,-5.0,23,29,8
1,Route B,15.473087035331544,-156.3661098787553,27.0,2,30,8
6,Route A,11.429357297009416,47.28536306342741,1.0,9,30,8
1,Route C,-42.63820926577312,-104.4154264198513,15.0,9,30,8
9,Route B,-67.046765346863,108.380676987161,4.0,10,30,8
8,Route B,53.89257929278932,9.052051815695194,15.0,8,30,8
5,Route A,4.6946237325915945,41.35884755861662,7.0,19,29,8
8,Route B,63.775879730611535,-76.14841209808779,-7.0,22,29,8
7,Route B,-19.39513509686425,-124.111932714144,29.0,10,30,8
4,Route B,27.822120641954054,-0.364737647900057,8.0,0,30,8
3,Route A,-10.794075924707656,136.91620174140968,19.0,8,30,8
5,Route C,55.83321451188917,43.56729190046229,17.0,20,29,8
4,Route B,-58.65577739228222,152.94918151970165,12.0,9,30,8
5,Route A,-87.70783195713639,163.78336698086383,7.0,0,30,8
8,Route A,-7.240155373816535,-44.871049588918254,2.0,1,30,8
9,Route B,23.263063970228917,110.2122506772962,21.0,8,30,8
8,Route A,68.04931991621439,27.14213036099224,13.0,1,30,8
2,Route B,-43.13590953324583,127.2443175940549,14.0,2,30,8
9,Route B,-23.35709194088641,-49.0106584395102,4.0,1,30,8
2,Route A,-11.143750328336424,-14.752001970265638,18.0,8,30,8
2,Route B,-64.35192528027395,77.33450763013678,13.0,9,30,8
3,Route B,46.456948242674144,129.62565416822753,-4.0,6,30,8
2,Route B,85.50459734689366,156.88121026016893,2.0,18,29,8
3,Route A,-60.55368252081426,-160.8937735019623,7.0,21,29,8
7,Route A,-38.19614935456502,-13.768513988568174,-5.0,2,30,8
8,Route B,82.81419583886719,161.68873879719786,23.0,19,29,8
5,Route C,-42.64173283961826,-139.00889563674585,-9.0,10,30,8
8,Route C,44.88349359390716,-138.91903072312346,-2.0,5,30,8
2,Route C,-87.5586509149584,99.30787729203826,10.0,5,30,8
8,Route B,13.559566974510815,-0.0911245297654943,-1.0,21,29,8
5,Route A,76.00000902057451,74.09381204675543,4.0,9,30,8
3,Route A,-69.39284484982409,-10.935664365442562,8.0,9,30,8
9,Route C,-45.15039428093221,-28.547534768530998,22.0,8,30,8
4,Route A,35.83812470535084,22.37821060209376,10.0,19,29,8
9,Route C,13.46977806585673,-7.709344483032396,-6.0,19,29,8
1,Route A,31.753532815336243,48.990576609991166,6.0,9,30,8
6,Route B,54.32864103648368,155.8091441422286,-7.0,19,29,8
10,Route B,45.2157023773018,150.43494541210606,27.0,20,29,8
10,Route A,29.46641894525605,-4.913276435377014,3.0,9,30,8
2,Route B,80.48632416295155,28.4313544631635,-4.0,22,29,8
4,Route B,-27.033146930098965,151.4561524212006,27.0,20,29,8
9,Route A,-58.131159413655325,146.17832623325978,-10.0,9,30,8
3,Route C,56.28716261478479,-178.16834762793897,-4.0,3,30,8
2,Route B,-39.53974784013853,20.5318174321682,18.0,4,30,8
6,Route B,43.96250751909864,-176.30176479704673,-1.0,19,29,8
4,Route B,48.79888002206764,33.06087744418127,16.0,18,29,8
8,Route B,-86.67205984227296,169.5522796314404,11.0,9,30,8
2,Route C,-65.83099543187734,-173.97137376446466,21.0,6,30,8
3,Route A,75.71600727775296,-67.75431626533347,2.0,9,30,8
7,Route A,-88.35073398992762,-39.76968643221181,7.0,3,30,8
7,Route B,5.957392321298983,76.0853994844503,27.0,6,30,8
8,Route C,-0.6815594256728303,-57.63036141031915,17.0,1,30,8
3,Route C,-47.07101941725091,-9.522002465146867,-3.0,6,30,8
9,Route B,-12.30512148009072,84.18913400195629,29.0,0,30,8
5,Route A,-0.7516728806945707,8.050319625595932,20.0,10,30,8
7,Route C,-74.41583429372375,19.57394178667093,14.0,23,29,8
8,Route A,87.49915251107794,-88.15429246222521,0.0,9,30,8
4,Route C,-24.70690233572168,-44.53735372299207,8.0,19,29,8
6,Route B,63.64573373002716,-83.0212748801809,15.0,21,29,8
6,Route C,85.04881925021007,-52.13071217631168,3.0,0,30,8
5,Route A,-21.838729597525614,-11.4580523914382,-3.0,1,30,8
10,Route B,-77.67036191125912,100.66006475023056,-2.0,7,30,8
6,Route A,-44.42276291290396,175.00982454056208,-1.0,23,29,8
9,Route A,-29.083925934993538,-73.69991322349807,15.0,5,30,8
9,Route A,71.69588597452679,64.59102311957201,-3.0,4,30,8
8,Route C,-49.66255122860901,-106.3817672404023,22.0,23,29,8
4,Route A,44.41619728114594,78.96698642830529,-9.0,4,30,8
2,Route A,21.160595060798144,83.22511945288022,-3.0,22,29,8
6,Route B,-26.19005886669437,-126.96166646217992,-7.0,23,29,8
2,Route C,25.930799629457,-37.41170982511841,15.0,20,29,8
2,Route C,60.75305917926176,-93.71637435493544,23.0,2,30,8
10,Route C,-85.07201433651744,58.56767401363828,8.0,3,30,8
4,Route C,0.0641099763754198,-59.8648816840013,-3.0,23,29,8
7,Route A,-89.35019118922273,-138.41164552504188,18.0,22,29,8
4,Route B,-32.47362247450623,-14.373078002945704,-3.0,3,30,8
1,Route C,44.20514611723166,104.37889526391814,5.0,4,30,8
6,Route A,53.94469165680994,-49.79853520498767,14.0,4,30,8
4,Route A,9.290975446018294,98.85451943107182,16.0,1,30,8
10,Route A,-24.72693837245288,23.32270775516781,12.0,19,29,8
1,Route A,8.01846749197314,-45.00729036818535,-7.0,20,29,8
3,Route B,68.8037743378444,78.90732800661624,29.0,2,30,8
3,Route B,-2.084792415642312,-15.91588003912537,-10.0,2,30,8
3,Route B,-71.5747564415816,-65.40318658102537,28.0,22,29,8
9,Route C,2.986540600224842,153.52582615237935,23.0,20,29,8
4,Route C,-41.70826853711988,175.2215539997605,10.0,9,30,8
1,Route B,13.187226650705938,95.40178465454142,26.0,23,29,8
4,Route B,29.14079812026856,-67.03986995217691,15.0,22,29,8
9,Route B,7.099865497719662,-146.42437213872242,-10.0,10,30,8
5,Route C,-85.85578065967398,50.3604385299868,4.0,2,30,8
7,Route B,4.587449754665769,-33.94098499740977,17.0,20,29,8
1,Route B,58.2839112431422,-10.277497304027577,-8.0,21,29,8
10,Route A,48.075955151499926,110.28756604199476,22.0,21,29,8
8,Route B,-66.31797267189982,29.80597200909287,-10.0,5,30,8
5,Route B,16.577326665069037,71.52372466348083,19.0,18,29,8
9,Route C,72.01520581418035,164.71181924591485,2.0,4,30,8
8,Route C,67.51900158298778,-52.600874234257134,-6.0,4,30,8
6,Route B,27.192064085483963,145.5706148849813,-7.0,7,30,8
10,Route A,-89.26410534205921,133.43480238376566,-6.0,6,30,8
1,Route C,4.228322584820177,36.06231122762463,13.0,10,30,8
3,Route A,-34.85541476700966,-17.01365298731298,6.0,0,30,8
8,Route B,-25.78346360385511,31.448473707447533,-4.0,1,30,8
9,Route A,-69.30908668257263,72.82191646051845,14.0,6,30,8
1,Route B,-28.60666140316509,1.3839284671301186,0.0,4,30,8
10,Route B,-40.37208246513888,-124.55030173689929,0.0,1,30,8
8,Route C,-49.6964951622391,52.46163997036351,9.0,1,30,8
1,Route B,-80.92128807948126,-15.051219081002785,28.0,2,30,8
3,Route C,50.5041297589552,-79.03498551054079,14.0,2,30,8
3,Route B,7.861660486024235,-57.60659685490698,12.0,3,30,8
8,Route C,-19.426446864791814,-110.05449186383233,22.0,21,29,8
6,Route B,-66.58598126101944,0.9920730592227756,-8.0,8,30,8
5,Route C,55.56790645004915,-117.94699140735476,12.0,5,30,8
6,Route C,49.76454809182033,27.34596176227697,1.0,21,29,8
4,Route B,-79.61624224067506,132.99189530915754,-5.0,20,29,8
4,Route A,-46.971183074505,154.00136239570293,-4.0,3,30,8
9,Route C,-59.21107608029132,72.31616161907195,17.0,1,30,8
5,Route C,-33.953404925832736,-20.06918956174752,24.0,9,30,8
7,Route C,-58.63547600047328,-134.00350826495995,20.0,3,30,8
6,Route B,15.27599203971728,162.65353153605935,-5.0,2,30,8
5,Route B,10.527083193408302,160.95573684111605,8.0,0,30,8
8,Route C,18.53411963978324,-154.9903573317191,-10.0,0,30,8
5,Route C,-80.87177699509986,99.53508481510444,2.0,20,29,8
9,Route C,-40.65545088927831,-19.229656757294748,4.0,7,30,8
6,Route C,-48.258790194126455,177.87395373166936,17.0,10,30,8
5,Route A,67.38057120229303,172.3110555568229,10.0,23,29,8
4,Route A,-50.1342320775788,6.563222978721171,19.0,7,30,8
9,Route B,9.518002224063764,15.138587553644667,-8.0,20,29,8
7,Route A,-57.49269304842287,96.09910579521062,0.0,5,30,8
1,Route A,68.4438073457768,155.36995142682883,30.0,9,30,8
7,Route B,-4.530094826864925,-66.97183687869068,-8.0,10,30,8
9,Route B,-1.331830787372141,-61.607103996906176,29.0,4,30,8
6,Route A,-68.13390394427157,147.95673769130184,30.0,23,29,8
9,Route B,46.3262312279617,-166.59477966111857,-6.0,9,30,8
10,Route C,-41.5964330369513,6.872269803660856,13.0,3,30,8
7,Route C,81.89826127909186,-166.90047620472376,3.0,7,30,8
6,Route A,-24.141901474885472,39.58161365444013,24.0,4,30,8
1,Route C,81.88420160156471,121.46741203645148,-6.0,7,30,8
3,Route C,1.6344877020811168,-36.54028444875311,16.0,10,30,8
7,Route A,-55.74427262096077,-64.41085204563355,20.0,1,30,8
3,Route C,-54.64839365244096,141.6215523192451,9.0,1,30,8
5,Route A,-44.10590653644238,16.03629875735851,11.0,22,29,8
5,Route A,83.0284915820672,-57.72749471571943,21.0,0,30,8
4,Route C,60.91529379688845,-32.090282623253955,10.0,3,30,8
7,Route B,77.84189562766468,17.20158256472388,18.0,3,30,8
10,Route C,72.58145131002078,130.47561036436116,20.0,7,30,8
5,Route A,56.31449852113826,-55.35962851665285,-4.0,18,29,8
5,Route C,-57.02026707324043,-8.077079484328067,27.0,6,30,8
3,Route B,-13.570948222461723,-170.03434680503503,2.0,2,30,8
3,Route B,-73.33447834234846,135.0653370784555,15.0,7,30,8
4,Route C,48.93988098641785,75.51041214622586,-5.0,6,30,8
5,Route C,-61.67304669049359,-49.37555279197281,3.0,18,29,8
9,Route B,38.86020973938116,51.9136715302952,13.0,8,30,8
9,Route A,28.29680238965632,-123.41142252276128,1.0,5,30,8
1,Route C,7.583641783636779,168.6012753377866,3.0,22,29,8
10,Route A,86.7690203321743,60.107154897321806,2.0,1,30,8
5,Route A,77.12117899472904,92.9428805293196,11.0,10,30,8
10,Route A,17.47297565218757,153.18717906603365,20.0,18,29,8
7,Route C,7.812218245975472,103.0790906889984,-4.0,3,30,8
10,Route A,-20.57767997327562,170.65467876487497,6.0,22,29,8
4,Route A,39.06313297529684,76.46250210922517,27.0,8,30,8
8,Route A,-19.03862591998066,83.65443859011737,11.0,21,29,8
3,Route C,-87.58034447939103,-144.23167647280246,10.0,20,29,8
8,Route C,10.90136256780366,-6.419550615046376,0.0,1,30,8
7,Route B,66.60256773121955,-64.38489743759061,-10.0,6,30,8
9,Route B,22.73850552859041,-115.9948979701848,-1.0,5,30,8
9,Route C,-10.002639934902293,-22.8248449405248,6.0,22,29,8
2,Route A,-10.95465115779065,-8.001971985127511,-3.0,9,30,8
1,Route A,70.16835050798613,-151.82814322880142,12.0,22,29,8
1,Route C,83.71430132615654,-53.73186742221175,25.0,4,30,8
10,Route B,81.49895769516388,111.63126750534724,9.0,0,30,8
2,Route C,-71.61063455635468,-3.2381166887615223,13.0,0,30,8
8,Route C,-24.83507155607434,86.4441344945871,5.0,6,30,8
8,Route C,-24.86354298815023,3.3801361070149483,5.0,1,30,8
8,Route C,-22.5184608087516,-171.92536108906555,12.0,4,30,8
6,Route C,-7.772570174021993,-5.3149216147103004,21.0,21,29,8
9,Route A,-85.82606712638106,10.472464772580054,8.0,4,30,8
8,Route A,-31.22516237471322,-140.82180827232648,5.0,4,30,8
5,Route B,78.15142227536109,68.9341375509403,0.0,0,30,8
4,Route B,73.82316743545286,10.492291796497028,4.0,8,30,8
3,Route A,81.3665035124219,133.61434594226478,21.0,10,30,8
7,Route C,6.196945606529525,-81.95351415990781,14.0,5,30,8
9,Route B,49.13367550675477,88.04730403677956,13.0,4,30,8
8,Route B,18.331404093391967,159.01952682863413,3.0,3,30,8
1,Route B,23.51389897964529,115.02285015756638,19.0,9,30,8
3,Route C,47.0350639047754,13.269693944860052,19.0,19,29,8
5,Route A,-28.41232825976539,-171.66608945641337,-2.0,6,30,8
4,Route B,-68.71355737525184,103.948430409651,4.0,8,30,8
8,Route A,-84.54409109061815,-133.4698588039888,16.0,22,29,8
2,Route C,57.110765132697736,-105.83688984362948,27.0,20,29,8
7,Route C,32.8129721753114,110.53558856241987,17.0,8,30,8
8,Route A,53.14095156261973,55.099366743139285,23.0,20,29,8
2,Route A,-24.82007487765766,21.63160487772956,16.0,22,29,8
1,Route A,69.26692239613539,-162.80569119345506,13.0,7,30,8
9,Route C,15.525812027723774,135.96511078144238,6.0,0,30,8
3,Route B,-36.29263537656061,63.27139429706972,24.0,5,30,8
7,Route C,-9.366457483426572,128.5877265417381,26.0,9,30,8
1,Route B,87.98642854931708,16.859322134191046,-4.0,21,29,8
10,Route C,-89.2206617781793,-159.86251381934193,10.0,6,30,8
5,Route C,-88.2412395358154,-4.823430417849977,-9.0,1,30,8
7,Route C,-26.97907117102049,14.072680789377728,-5.0,9,30,8
9,Route C,54.91766929813309,56.738084308850375,30.0,1,30,8
9,Route C,-75.91211786368443,55.58260504634933,-8.0,6,30,8
7,Route B,33.11070713640231,-89.97628344754996,0.0,3,30,8
9,Route C,81.89247631454919,54.39786655812486,-9.0,7,30,8
3,Route C,-65.3884880852575,33.79158887002512,0.0,0,30,8
2,Route B,73.40257422632266,-162.57836859843522,-10.0,22,29,8
5,Route C,-39.905387518471606,-62.08782875993643,26.0,7,30,8
8,Route C,-34.546192907268775,160.33778549436562,-10.0,20,29,8
1,Route A,18.760925274188764,97.28712098415916,10.0,8,30,8
9,Route B,-26.06129568551792,-125.52295557359602,30.0,3,30,8
4,Route A,52.39047204652124,-118.79865733046364,1.0,23,29,8
2,Route B,73.42044941069398,89.58635207220829,16.0,19,29,8
8,Route C,-29.31459542453341,-63.041909790146505,9.0,20,29,8
2,Route B,-3.2870599730198364,-168.9220220133075,1.0,23,29,8
2,Route C,61.98048826749391,139.00750171681813,29.0,18,29,8
10,Route A,52.285267641638825,-61.62754634225482,22.0,1,30,8
3,Route C,84.39073205968378,29.111257805375917,-4.0,1,30,8
6,Route B,-88.02587692073669,143.56526217393042,12.0,4,30,8
7,Route A,43.66822108774719,-42.81661483665167,11.0,4,30,8
2,Route B,-57.48304421508716,156.93192324991583,30.0,18,29,8
6,Route A,-23.002009463280373,87.7147249518078,5.0,9,30,8
5,Route A,-27.985647066425663,80.73974107604607,-4.0,20,29,8
4,Route A,-13.452609089408654,24.215004983422432,30.0,21,29,8
1,Route A,43.72753407350592,39.15057140166354,27.0,7,30,8
8,Route A,-87.8907287682622,103.99694027358254,18.0,2,30,8
1,Route A,71.94495526481856,101.95783453091548,14.0,0,30,8
7,Route A,79.77212528026803,54.17154303463502,18.0,10,30,8
3,Route B,6.603145898604367,-13.91564203954539,5.0,21,29,8
6,Route B,2.6282921247296827,130.4774558272831,2.0,21,29,8
2,Route A,-71.4313057319371,-110.4977883460214,9.0,4,30,8
4,Route B,55.00017915377831,90.95198081791553,0.0,6,30,8
5,Route C,33.04339368277574,-146.09895757734876,-1.0,20,29,8
4,Route B,77.53139485410173,-114.03226321701946,18.0,4,30,8
3,Route C,81.29714093567253,117.62772568210072,5.0,5,30,8
2,Route A,-67.59175944523895,74.41645472052261,4.0,4,30,8
6,Route B,-17.825109901036058,175.80598204148697,17.0,3,30,8
4,Route A,85.20028812148877,45.88056974048317,23.0,6,30,8
1,Route B,11.621922974723418,-17.79680785014466,29.0,4,30,8
8,Route C,65.50131353675795,-18.65180588563024,-2.0,21,29,8
4,Route C,16.26099125930729,-177.98321588171777,23.0,2,30,8
1,Route A,55.79125138637838,61.45854261709189,-3.0,10,30,8
1,Route C,-6.577138487998624,59.64392491509727,16.0,19,29,8
6,Route A,16.565972155123347,-123.47576137373254,20.0,4,30,8
7,Route B,82.6415846271181,-166.2915746242633,9.0,22,29,8
8,Route B,-46.79352559492366,128.2806958717668,6.0,3,30,8
7,Route A,8.5544388068014,60.69534109568153,-7.0,9,30,8
4,Route B,71.17881131832499,-89.59317296747999,29.0,20,29,8
3,Route A,-54.19681843075056,112.88201593970086,27.0,0,30,8
3,Route C,-86.82199347351559,-106.61045832264438,-7.0,22,29,8
1,Route A,-0.9538974467930216,-125.68456923717264,6.0,19,29,8
7,Route B,23.575755871476872,-105.56783143516438,10.0,20,29,8
8,Route A,28.56951746339732,50.952305435647474,18.0,7,30,8
6,Route B,-62.86257595877558,-27.442850549291848,10.0,23,29,8
7,Route B,84.6040674410419,-177.3861795959564,-7.0,3,30,8
8,Route B,1.7378734281307118,107.28054288500176,25.0,5,30,8
7,Route A,81.84085378851273,-44.18108632155733,20.0,9,30,8
7,Route B,38.881814367299086,-117.43872381271734,8.0,2,30,8
7,Route A,28.965582393454422,151.78199530416288,11.0,22,29,8
6,Route A,60.73949652999218,78.53730645697163,-6.0,20,29,8
5,Route C,-48.044789964429526,-176.44343404745294,25.0,5,30,8
3,Route B,45.53199246471908,-137.59464366938025,23.0,19,29,8
6,Route C,13.379616797386149,20.71493869078475,30.0,21,29,8
6,Route A,-35.50756005786331,-37.063915251868735,8.0,3,30,8
8,Route C,-68.17314433779767,69.298588932656,2.0,9,30,8
1,Route C,-81.28029289140287,-153.31539157695352,0.0,6,30,8
5,Route A,-41.68200254232932,52.24980262461574,21.0,6,30,8
4,Route A,-37.74110645367384,-174.35071970241353,18.0,2,30,8
1,Route C,-70.27141089318698,-100.25362926068118,23.0,19,29,8
2,Route A,4.599821145445716,-31.29555880319145,21.0,8,30,8
8,Route A,87.13940688520964,-61.68463469684707,21.0,19,29,8
9,Route B,-2.02484371045567,-15.68506928238989,15.0,9,30,8
5,Route B,41.173325958572974,45.1502215045756,18.0,21,29,8
5,Route C,69.71409901100284,-171.05591951577716,1.0,8,30,8
3,Route C,-23.396961375996227,-83.03361601347024,27.0,7,30,8
4,Route C,21.833531450281072,-94.68678967430616,1.0,23,29,8
8,Route B,5.185150988716046,118.9726257852928,7.0,5,30,8
8,Route B,-48.11199368048517,-104.91729194747263,-7.0,1,30,8
10,Route B,-89.73583932840764,12.879559901382578,9.0,20,29,8
5,Route C,31.677641566130248,-161.6291973025403,2.0,0,30,8
5,Route B,59.838338319613655,-89.04991060709781,-8.0,7,30,8
9,Route C,-47.59844638555643,84.2681349195604,24.0,2,30,8
8,Route A,-27.46024094316636,-109.04579592562392,-1.0,4,30,8
6,Route C,-26.216564989781084,-167.99757330817351,6.0,23,29,8
1,Route A,-60.27187559076737,24.7201549589486,11.0,3,30,8
8,Route C,78.73132168415322,13.40806069158873,23.0,8,30,8
5,Route C,83.42258235676331,36.6241388423129,15.0,3,30,8
10,Route B,-83.11253912915038,-23.301350938788172,9.0,3,30,8
9,Route A,-35.44515132534686,-112.41719948369378,13.0,5,30,8
8,Route A,-11.011082329024036,-177.7486500504973,13.0,7,30,8
5,Route B,52.20236292411968,37.61402423234895,1.0,18,29,8
10,Route B,-24.74080522095163,-31.441463249374635,6.0,18,29,8
7,Route C,76.55513669995943,157.61159674498597,26.0,19,29,8
3,Route C,39.24715341342289,-160.73798660160315,-3.0,20,29,8
4,Route B,44.92497766840128,64.08874481858251,5.0,7,30,8
3,Route B,-38.099682750480326,146.3549276684892,15.0,2,30,8
6,Route C,-48.60326194738684,95.71477997260462,28.0,7,30,8
2,Route A,59.80309895339116,114.79308374255004,11.0,10,30,8
4,Route A,35.79341863347021,155.5163963799764,22.0,6,30,8
6,Route B,-73.71464083664588,93.47384784227968,-4.0,5,30,8
6,Route C,-87.57565873745214,15.69422045393344,26.0,10,30,8
3,Route C,17.489269851083222,-175.71523559131376,22.0,22,29,8
1,Route C,23.63618037354567,-106.47824838483136,11.0,4,30,8
9,Route A,77.43886789190833,21.482344234591352,-4.0,0,30,8
2,Route C,-54.58595226934081,165.74001613396143,-9.0,23,29,8
2,Route C,42.010094438024,43.32937224564009,14.0,9,30,8
1,Route B,-58.09100715248593,-109.5770421335132,18.0,1,30,8
3,Route B,-14.644625972006908,124.62127229727092,28.0,9,30,8
3,Route A,-40.10238702285505,-71.158668109284,0.0,1,30,8
10,Route B,-15.36579256624671,95.59680727729676,-1.0,23,29,8
7,Route A,21.316666001959877,82.688414731585,25.0,23,29,8
8,Route A,82.2229600541938,179.77825489605493,2.0,20,29,8
5,Route C,48.61059970741374,-90.628279243622,21.0,9,30,8
8,Route B,-48.492288112296656,-20.852108486816007,2.0,9,30,8
1,Route B,-39.53971515863563,-139.445869284108,-4.0,5,30,8
4,Route B,3.1669337744960018,123.40530704235766,14.0,4,30,8
8,Route C,-47.08265362457396,-89.82025010165381,0.0,3,30,8
1,Route C,-21.36524501868313,-128.6290484109412,8.0,2,30,8
1,Route B,-46.34477244970373,53.1208834906646,21.0,5,30,8
8,Route A,50.34040588054853,-32.84540981877362,-9.0,10,30,8
10,Route A,-9.974123356335625,-174.91338556765066,-3.0,23,29,8
6,Route B,-50.0084981409533,-104.8271633949818,14.0,0,30,8
2,Route B,-5.332065854184648,114.69337912112236,4.0,21,29,8
1,Route C,-4.296761829825385,-58.82088583666256,12.0,19,29,8
4,Route A,-30.750467351963778,143.23850287844567,8.0,10,30,8
8,Route A,87.80684988322037,67.5494868343543,30.0,5,30,8
8,Route C,-17.436935163250737,1.4843916682348492,30.0,0,30,8
9,Route B,-41.57923118362967,124.50523609713304,-8.0,5,30,8
4,Route B,86.24712221321036,-68.29014639646013,19.0,1,30,8
9,Route B,-50.3221162648766,155.81985930910116,9.0,3,30,8
7,Route C,-43.12054748241869,145.82347423638703,1.0,0,30,8
3,Route A,-74.70983994568587,119.38206289114233,19.0,8,30,8
6,Route B,-59.02174185779494,85.33021137983701,9.0,4,30,8
2,Route C,-52.50787967578413,-42.96982506751695,18.0,9,30,8
1,Route B,11.765889576034,-110.62040746271488,0.0,21,29,8
4,Route B,24.110434957474368,-156.53076420954102,-4.0,20,29,8
4,Route C,59.593103839722886,-95.2180978809219,28.0,21,29,8
1,Route A,88.01876357790701,119.18514750222567,19.0,21,29,8
10,Route C,70.47665670858856,-155.65691212693676,5.0,3,30,8
4,Route C,19.986179609085283,-143.4123920349736,30.0,3,30,8
3,Route B,72.13451259581561,7.988709684661501,20.0,7,30,8
6,Route A,48.80219974385406,-42.2453451713572,7.0,8,30,8
4,Route C,22.07387315107586,-168.96012518754827,28.0,6,30,8
2,Route C,-83.53635483980865,176.0706179423829,28.0,4,30,8
10,Route B,70.00924342109599,-45.55650298086556,20.0,6,30,8
8,Route A,-38.30591641824008,142.0175113553533,4.0,3,30,8
6,Route C,-50.091598825184,-2.1608176238248404,9.0,1,30,8
6,Route C,19.895855112251667,134.1401016988807,10.0,7,30,8
4,Route B,-61.050400652419896,-169.52020045432096,11.0,4,30,8
5,Route A,10.409569717041606,-31.467559495242,9.0,21,29,8
8,Route A,47.32102030560526,125.69930911996256,-1.0,5,30,8
7,Route A,10.560450177235964,72.928291035754,22.0,22,29,8
10,Route C,-75.46290292148906,-71.94682947793768,-9.0,20,29,8
1,Route C,19.63742939105039,142.4600778432992,18.0,3,30,8
4,Route B,34.7929219482225,110.43813624430555,26.0,22,29,8
2,Route C,-49.98125666220525,69.81049992096166,28.0,19,29,8
6,Route B,-38.99820225498696,41.9330160644825,7.0,0,30,8
7,Route A,10.769232682088829,126.91649663484644,-7.0,7,30,8
9,Route C,-30.66198111628452,-83.27559275353988,30.0,5,30,8
2,Route A,-53.15102656735154,-123.4897825080401,0.0,5,30,8
8,Route C,8.25729376821927,148.65901248307745,10.0,5,30,8
10,Route B,17.108859539421687,82.81486982967874,-5.0,7,30,8
5,Route B,-56.70917702333548,75.0925569534798,27.0,8,30,8
2,Route A,15.92972809628816,170.18416239153515,27.0,8,30,8
6,Route B,29.247942720911325,11.430524040002863,7.0,18,29,8
3,Route A,35.44996830960402,156.78980680443283,5.0,4,30,8
4,Route B,3.1898792335735493,-100.09048649646908,22.0,3,30,8
5,Route A,7.666005097853457,102.21232858249424,17.0,7,30,8
9,Route B,-16.78587919731268,3.671631940466227,4.0,6,30,8
1,Route A,-66.89879920130205,-20.581832287064685,20.0,0,30,8
8,Route B,23.35812444659821,-62.18625093827572,24.0,8,30,8
6,Route C,36.4543080292725,147.2275376955488,-8.0,7,30,8
9,Route B,53.10257101885949,-7.70566278406659,24.0,21,29,8
7,Route C,-77.21159689826081,87.64441293907862,2.0,4,30,8
10,Route B,-17.252223184950736,-108.78048887811995,24.0,5,30,8
2,Route B,-23.73041359655369,-85.59069750785936,-3.0,2,30,8
10,Route A,-51.97883775589137,-80.89535841745514,2.0,0,30,8
6,Route A,20.79254917221796,22.726180736730385,10.0,1,30,8
6,Route C,-56.41067422770188,-38.110251966593694,9.0,5,30,8
5,Route B,75.56415937627997,65.8981837757886,-3.0,22,29,8
2,Route C,26.41241518529721,-72.33013199996243,26.0,6,30,8
5,Route B,10.919593760698476,-130.15378286847627,17.0,2,30,8
9,Route B,87.8345167152363,92.78329771842044,20.0,2,30,8
9,Route B,-79.6821799202131,163.04964238781224,27.0,9,30,8
3,Route A,0.6113560579526904,-170.4239904393011,7.0,0,30,8
3,Route A,-30.200295613668587,-70.41558390226369,13.0,7,30,8
7,Route C,87.4763505165617,-41.42724941276876,0.0,4,30,8
8,Route B,10.305560242278716,120.81195137200864,3.0,4,30,8
1,Route B,-82.2060864995996,-176.80393100644463,16.0,8,30,8
8,Route B,47.882610424546215,134.3253998143449,-10.0,23,29,8
3,Route B,-45.77689738296412,-54.03701972588354,3.0,2,30,8
10,Route A,58.2823924802417,79.19651257493524,-10.0,2,30,8
1,Route B,-40.71611641929822,42.57422563731072,6.0,3,30,8
1,Route C,8.770128094597212,105.77561166134116,21.0,21,29,8
9,Route C,-20.41110499299363,147.30159185424287,12.0,6,30,8
6,Route A,31.17957559348018,37.56875545729105,19.0,3,30,8
6,Route A,-12.542571166103087,66.7184641112415,13.0,2,30,8
10,Route B,38.154527473426725,99.47185886890604,18.0,6,30,8
10,Route B,-57.74740876943427,77.41862272179742,29.0,6,30,8
3,Route A,45.60797629382387,-78.35517199971856,16.0,2,30,8
2,Route B,61.74395073420749,91.73793516815272,24.0,4,30,8
7,Route B,-16.84792045610523,-53.10808708539834,0.0,0,30,8
10,Route A,-81.87709168591506,71.86036738820366,16.0,19,29,8
2,Route C,78.20188858896296,-51.0569025608377,26.0,8,30,8
10,Route C,74.56545827133257,-92.0060328105438,20.0,18,29,8
2,Route C,-71.14849239715836,35.45728578552425,8.0,7,30,8
4,Route A,-57.114611373956464,89.34944001335452,5.0,8,30,8
4,Route B,69.14106379250492,142.2208486959072,11.0,3,30,8
6,Route B,67.24959431678775,-114.21406686956811,11.0,22,29,8
1,Route A,42.49995428265265,127.00425303010508,22.0,20,29,8
1,Route C,-52.87654441021335,-52.984588816219855,0.0,8,30,8
7,Route C,-74.85295575010497,61.63170316280855,12.0,4,30,8
10,Route B,52.35008149544862,-87.15479271481118,1.0,22,29,8
3,Route C,45.195772436953206,-63.832649409804645,19.0,23,29,8
3,Route C,31.12301514614161,-74.88904186446302,13.0,23,29,8
10,Route B,21.549072202280183,20.3922630309078,-7.0,4,30,8
3,Route B,-24.186070303180955,23.841016415486,21.0,9,30,8
10,Route B,2.030312502473052,97.40323678423522,25.0,2,30,8
3,Route A,-72.42202355458514,141.88643129298316,19.0,0,30,8
2,Route B,-68.68615720530349,-109.91359691721138,5.0,2,30,8
9,Route A,-29.91082362502239,55.89393380018947,7.0,21,29,8
8,Route C,7.717915363227888,169.7983877669222,27.0,9,30,8
2,Route A,0.7333811434092041,160.86410161438295,15.0,5,30,8
7,Route B,40.71789515812105,87.33343101382616,27.0,6,30,8
4,Route A,-88.1390420891498,20.62744912790842,-6.0,22,29,8
6,Route B,47.48146344314674,-27.9858394284297,-2.0,0,30,8
3,Route C,-26.07829784530652,-100.26952517923208,10.0,10,30,8
6,Route C,38.04117396256896,-163.40987916301304,15.0,4,30,8
8,Route B,29.818673536659404,10.597141661386502,21.0,3,30,8
5,Route A,-75.08863767061213,-28.015431185340617,11.0,7,30,8
9,Route B,-71.957059906077,165.52657120615095,19.0,9,30,8
9,Route A,84.84296883990487,-96.6887780774996,21.0,18,29,8
10,Route A,82.05224143427637,-76.06875938960569,26.0,0,30,8
6,Route A,-69.52074572523912,-139.6634208307045,-6.0,7,30,8
4,Route C,76.92617061684706,66.85836201542512,0.0,22,29,8
3,Route A,-70.44280142366408,33.4144420184613,13.0,7,30,8
4,Route A,20.936261108805923,48.487268823214265,-6.0,5,30,8
2,Route C,-25.458261127948436,74.16616059550879,-4.0,8,30,8
1,Route A,-75.23754085419901,90.44062671595871,15.0,18,29,8
9,Route A,43.14947369320382,28.68632448663732,28.0,9,30,8
6,Route B,85.25096807489868,123.10983848720632,9.0,21,29,8
3,Route A,4.669165254468879,-26.45473580052834,24.0,22,29,8
5,Route C,6.310300078576503,-49.77617964997009,-7.0,9,30,8
10,Route B,53.30175077878812,-125.2920458281334,-5.0,2,30,8
6,Route A,-35.62926335077023,-24.24098449143898,10.0,8,30,8
10,Route C,33.35455614684102,140.41859141211302,-4.0,5,30,8
2,Route C,-27.58026715459184,175.03850497693497,26.0,0,30,8
3,Route C,24.058338299198667,133.3276103864058,19.0,18,29,8
1,Route C,64.37434804666742,-13.75259386765194,-2.0,21,29,8
1,Route B,-28.60705274378812,-9.3226560053823,1.0,9,30,8
6,Route B,58.22129941484653,103.98946692020304,8.0,21,29,8
9,Route B,-49.77947427559851,83.11189551533238,12.0,8,30,8
10,Route B,-49.9787170126151,-76.63537578709517,10.0,6,30,8
10,Route A,46.37230188674221,23.28136019614348,26.0,8,30,8
3,Route A,60.21549787827769,-46.41285192492734,19.0,18,29,8
3,Route C,-85.95390831859447,-9.032549111999115,-8.0,23,29,8
1,Route C,-12.655801646699658,77.8294268225244,-2.0,1,30,8
9,Route B,-47.11810346944176,71.12015608931793,21.0,1,30,8
4,Route A,-65.08305613087643,75.48667237737709,11.0,3,30,8
4,Route C,-47.20073857709741,-76.89307433582184,1.0,10,30,8
9,Route A,-57.60007380294958,-109.16369159732696,9.0,18,29,8
6,Route C,-21.703137406038323,-174.3778352442489,30.0,5,30,8
3,Route B,74.3325718787986,-31.70649402533309,18.0,1,30,8
2,Route A,-58.21071711077903,21.27195800096649,19.0,20,29,8
10,Route C,32.06145277702879,140.34131796100036,-10.0,7,30,8
4,Route B,-27.807178169298872,-104.8886512824648,20.0,6,30,8
4,Route C,-83.80752102380862,-47.88778818297749,30.0,6,30,8
4,Route B,32.720849224345514,71.04094606372345,-5.0,5,30,8
2,Route C,3.059846950634864,-88.13729827028482,-5.0,4,30,8
3,Route A,34.790037922152194,-124.33519203756136,16.0,3,30,8
8,Route A,79.20889337678042,71.46217374622219,15.0,6,30,8
9,Route B,-67.04986117702701,166.5809198332492,25.0,2,30,8
9,Route B,-72.83708632765418,24.36316377823576,15.0,10,30,8
1,Route A,-46.00128298230067,99.91522832198058,12.0,9,30,8
4,Route A,12.045180590272793,179.77842020575548,20.0,9,30,8
10,Route C,7.988929070602225,-80.13931797146259,-8.0,23,29,8
2,Route B,-7.169843236283526,92.76439321766496,30.0,19,29,8
6,Route A,-86.91604278997562,-32.25861392601385,21.0,1,30,8
7,Route C,-16.718849972231922,36.79472368550088,3.0,9,30,8
3,Route B,41.57470333782669,99.8318484641174,-9.0,9,30,8
7,Route A,-18.877321895611036,66.19863869996561,-10.0,1,30,8
1,Route C,32.297047800916374,137.70492618448367,18.0,9,30,8
6,Route B,-32.348039278208695,89.69001859896923,12.0,0,30,8
7,Route C,-30.582851721517663,46.87489598970137,28.0,19,29,8
7,Route C,-89.9212270508103,40.13324085048731,3.0,5,30,8
10,Route A,56.43262647342874,23.174307984593128,23.0,6,30,8
6,Route C,-65.4990468558928,-35.48537877011148,-5.0,6,30,8
9,Route C,-63.751972138665366,-103.08713750194453,20.0,22,29,8
7,Route A,-19.066687722267343,-162.16223088186933,-10.0,2,30,8
3,Route C,-74.24091191085567,-55.38414613313256,27.0,2,30,8
10,Route B,-15.567010008001075,98.42022845150126,-1.0,0,30,8
4,Route B,-4.592731130437741,-87.30069585139049,-5.0,4,30,8
5,Route B,-20.03323223582932,55.91006992269004,-7.0,0,30,8
2,Route B,69.97410432459336,36.43322765777563,-6.0,2,30,8
9,Route C,67.17986747796843,165.93048280953275,8.0,10,30,8
10,Route A,-5.052260329472944,36.90206062095197,15.0,0,30,8
5,Route B,-42.477868250526896,53.55751292929099,16.0,9,30,8
9,Route B,-49.02907812002976,111.11488438534336,9.0,2,30,8
7,Route B,-79.89373699187239,130.90105226906934,3.0,7,30,8
6,Route B,26.01095155604256,-136.15620208226318,3.0,4,30,8
7,Route C,25.6207161264211,-78.03108638205707,11.0,19,29,8
9,Route A,-44.946691167221125,-23.52249295591639,12.0,2,30,8
6,Route B,17.22233815466886,29.281990252895586,-1.0,9,30,8
10,Route B,-54.11597122547629,133.45260734124366,27.0,8,30,8
5,Route C,-69.71800366278877,50.44916522701703,6.0,23,29,8
7,Route A,-26.030218072784614,-2.030762636473355,30.0,4,30,8
9,Route B,-8.604640007586354,-12.447825809331164,-5.0,8,30,8
5,Route A,26.783569316658003,-178.90596795719085,4.0,1,30,8
3,Route C,-5.757169691637188,-68.14722237806885,28.0,6,30,8
3,Route A,-67.32192289295342,38.70208048367206,0.0,0,30,8
3,Route C,-4.746423362818703,-158.2822424200175,10.0,1,30,8
8,Route A,50.95773825949812,-30.615807006441518,9.0,19,29,8
10,Route A,39.31675411072053,-7.883787336016496,28.0,18,29,8
8,Route A,2.387822989434966,-37.99072324280593,19.0,21,29,8
10,Route A,-41.97554324885117,-44.41979581054818,0.0,6,30,8
5,Route A,21.930223947921306,108.04426537218468,-3.0,18,29,8
8,Route B,-40.23393050138253,157.82021117121735,-7.0,19,29,8
4,Route C,31.45957566110198,-179.06419939005644,-7.0,3,30,8
9,Route B,-43.47459721027505,8.040711476900583,14.0,22,29,8
5,Route B,-79.21214857083636,-112.81621274922284,16.0,5,30,8
6,Route A,-68.3966440894109,135.82826197455563,12.0,22,29,8
6,Route A,77.51307169763271,-115.79790712242315,23.0,9,30,8
9,Route A,-73.43337170011318,91.47040622184386,-4.0,8,30,8
4,Route C,-42.46809023122415,149.26560512272005,16.0,10,30,8
7,Route B,-26.87186223064642,125.46273157987162,-8.0,10,30,8
2,Route B,-17.98696410793761,-74.4961032699959,4.0,3,30,8
3,Route B,85.59076424482046,-63.27184635356127,18.0,22,29,8
7,Route C,-19.82773865911581,-48.509301361268825,-10.0,19,29,8
6,Route B,-56.14749525378427,-119.89365878568888,24.0,6,30,8
5,Route C,-81.6199775592299,89.23704056625951,30.0,5,30,8
1,Route A,-54.44837792816245,-86.18327020815235,-7.0,19,29,8
1,Route A,50.59747481093092,158.31870067587118,17.0,22,29,8
1,Route B,-69.84646514719356,32.390600703563564,1.0,1,30,8
1,Route B,-47.22781956991144,4.90003852923536,-6.0,23,29,8
2,Route B,-13.449296486561366,-9.643504699620564,-5.0,19,29,8
9,Route A,-57.51493748478661,-56.19871651965758,16.0,19,29,8
1,Route A,14.62691152214154,87.7234411811973,4.0,7,30,8
3,Route B,-46.24359715433529,156.51061926015274,12.0,2,30,8
7,Route B,53.88302795646024,-55.516064335646405,-6.0,6,30,8
10,Route B,-30.510720090682145,-58.60397269664702,-1.0,20,29,8
7,Route C,-30.89123404192052,60.6623372895574,5.0,1,30,8
9,Route A,18.394998537323147,-47.420298012223896,9.0,2,30,8
2,Route B,86.78414729645041,166.55295184672673,17.0,1,30,8
9,Route C,34.39917090373238,-55.08788432652382,18.0,4,30,8
2,Route C,-86.94707157082104,-59.73479916877967,14.0,6,30,8
10,Route A,-86.92504693611282,97.94868376292789,-6.0,4,30,8
4,Route B,-30.08580898161177,9.95398200985386,25.0,23,29,8
10,Route B,20.17427760298571,32.523059081708,7.0,19,29,8
4,Route C,-49.41725537503392,-45.84174893557156,17.0,19,29,8
9,Route C,31.760644975087036,-14.092678776217014,22.0,7,30,8
6,Route C,11.16100962103934,-106.00736139934143,30.0,6,30,8
5,Route A,-74.6965269862059,-102.878317638126,7.0,5,30,8
1,Route A,44.92368763942872,151.31227464520236,-3.0,10,30,8
6,Route C,-69.84269503303383,33.03403814446213,-1.0,6,30,8
2,Route C,-60.62550165747778,95.09976522210604,11.0,9,30,8
1,Route C,-10.7297399478675,39.61623434458855,21.0,6,30,8
1,Route C,-59.10587008212589,-178.16643049039448,-1.0,23,29,8
4,Route B,35.4213433233365,-52.94487074240183,29.0,10,30,8
3,Route C,-33.1326826058967,46.15240691241869,2.0,19,29,8
8,Route A,-46.898400405534055,74.61253249383279,-8.0,6,30,8
10,Route B,-44.20337203126907,-128.91243203963705,19.0,7,30,8
7,Route B,60.77174127868159,-36.20037316945721,7.0,22,29,8
1,Route C,-31.44012102415519,-145.25657259765794,20.0,4,30,8
10,Route A,-81.34647501870185,101.03761098273964,19.0,8,30,8
7,Route A,-44.57791285104592,-24.25049984575466,17.0,19,29,8
10,Route C,86.25386606637937,95.71095443517282,-8.0,7,30,8
9,Route B,82.0641089015563,-105.6476531689896,25.0,18,29,8
3,Route B,-58.64803781539256,-29.822729732601942,-4.0,21,29,8
9,Route A,57.349226992118815,-43.63799117219435,-9.0,22,29,8
1,Route B,-32.80786650647127,-45.40823419291718,14.0,6,30,8
3,Route B,41.29475182956679,-5.512730776659367,5.0,2,30,8
2,Route A,-0.4697282173524399,-46.9160125456938,30.0,6,30,8
5,Route B,78.12502128675541,-25.18332318564356,9.0,2,30,8
6,Route A,74.88024774779967,-70.19348587657032,12.0,8,30,8
5,Route A,25.91395266554832,115.2109486141298,10.0,10,30,8
1,Route C,30.137902371593142,54.57871306223621,-4.0,6,30,8
10,Route A,74.03122618955481,52.62598670672037,25.0,5,30,8
10,Route A,-66.28281685339158,175.73973563554284,13.0,22,29,8
3,Route A,88.95971053624217,87.5225564527309,27.0,3,30,8
5,Route C,25.23614049009292,-162.33554927392078,26.0,2,30,8
4,Route C,-26.60057450751944,103.62301580332678,15.0,21,29,8
1,Route C,-45.33422742905052,-98.17155712186528,23.0,6,30,8
6,Route B,83.83485321788811,-8.116757487674704,24.0,10,30,8
7,Route A,-29.4364062799978,166.605953567754,25.0,4,30,8
1,Route B,-37.73009649759033,-84.95204803206495,-2.0,2,30,8
5,Route C,44.93322530826103,150.01777743969745,6.0,7,30,8
4,Route B,-70.90913996889651,70.49383651564227,-1.0,18,29,8
3,Route B,-86.39895821593906,-95.13051497138632,22.0,0,30,8
8,Route C,73.99609811059128,-1.9228131581783143,2.0,3,30,8
8,Route C,-59.5751709185436,-83.4174909654969,26.0,2,30,8
9,Route C,67.91637318493144,50.94084944205253,3.0,21,29,8
6,Route A,36.25777851509686,89.44047437927463,-8.0,21,29,8
5,Route B,-18.723284094748166,18.97916659010974,6.0,23,29,8
9,Route C,-14.085157249814417,-123.08281510436846,-1.0,2,30,8
8,Route A,-6.864239956799949,-90.68717416916508,-9.0,2,30,8
3,Route B,41.36173711716293,150.75401710937,0.0,10,30,8
5,Route B,-66.30259806150946,3.2999854159094757,7.0,22,29,8
2,Route C,74.5598189357037,-106.12946343391468,22.0,3,30,8
